video_id,video_url,transcript,description,hashtags,view_count,like_count,comment_count,share_count,duration,transcript_source
7411210097201859845,https://www.tiktok.com/@reidhoffman/video/7411210097201859845,"[Visual: SpeakerA suggests exploring mystery boxes, while SpeakerB expresses excitement.] [Visual: A woman with long brown hair looks down while a message screen is displayed on top.] : Why don't we go to one of the mystery boxes? [Visual: A man with glasses and a blue shirt speaks to the camera.] : I'm very excited for this. [Visual: SpeakerA and SpeakerB are presented with ""Frankenstein's Monster"", then SpeakerB explains how AI can help humans and animals, and SpeakerC highlights AI's ability to help in communication and understanding.] [Visual: A man and a woman sit at a table with several screens showing the same message.] : Frankenstein's Monster. [Visual: A man with glasses and a blue shirt speaks directly to the camera.] : AI help man, dog, dolphin. [Visual: A woman smiles broadly while a screen with text is visible next to her.] : Help talk, understand. : AI like Bridge, speak animal words. [Visual: A man with glasses and a blue shirt speaks to the camera.] : Better care, less hurt, ask how live, what like. [Visual: SpeakerA introduces AI's potential, SpeakerB laughs and explains that AI can help understand animals and people, and SpeakerC emphasizes AI's role in collaborative learning.] [Visual: A man with glasses and a blue shirt holds the red phone in his hands, smiling.] : AI open new world. [Visual: A woman laughs, covering her mouth with her hand.] : Understand animals, understand selves. [Visual: A woman with long brown hair wearing a black jacket laughs while looking at a phone.] : Learn together better world.",We asked AI how to talk to animals #ai #technology,"ai, technology",3118,43,1,0,48,opusclip
7410879002975489286,https://www.tiktok.com/@reidhoffman/video/7410879002975489286,"[Visual: Speaker discusses how AI, such as in autonomous driving, is preferable to humans because they don't get tired or drunk and have better sensors.] [Visual: A man wearing glasses and a black shirt speaks in front of a microphone during a podcast.] : There's some jobs when we'll just want the AI only to be doing it versus the human. [Visual: A man wearing glasses and a black shirt speaks in front of a microphone during a podcast.] : So for example, driving, we actually want AIs driving because they don't get drunk, they don't get tired, they have a lot more sensors to pay attention to the world around them, like they can have LIDAR and infrared so they can see the kid who is running out from behind the parked car whereas a human can't.",The positive impact of AI,,2193,49,1,3,45,opusclip
7401139211396533509,https://www.tiktok.com/@reidhoffman/video/7401139211396533509,"[Visual: Speaker introduces AI's impact on sales, stating that AI will enhance human capabilities and lead to performance improvements.] [Visual: A man with glasses is speaking in front of a graphic that reads, 'HOW AI WILL TRANSFORM TRADITIONAL SALES ROLES.'] : It isn't that human beings are gonna be replaced. : Human beings that are using AI are gonna be the people who are gonna be getting the jobs. [Visual: Two men are seated in chairs discussing AI, separated by a graphic.] : If you look at a company, let's say the tools 3 years from now can create 2X better performance or 4X better performance per job. [Visual: Speaker explains that AI will automate repetitive tasks, clarifying that AI won't replace sales jobs, and emphasizes the importance of human skills like emotional connection.] : Sales, are you gonna fire sales people? : No. [Visual: Two men are seated in chairs discussing something.] : You like the 2X, 4X better performance, that's great. : So, like, for example, if what your job is is to do digital form entry into the advertising system, act like a robot, let, will be greatly accelerated. : But the job of how do we position ourselves, get an emotional connection, create a brand, how do we bring new kinds of marketing like content marketing? [Visual: Speaker states that companies will prefer humans who can use AI rather than eliminating human jobs.] [Visual: A man is talking and gesturing with his hands to make a point.] : Most of the departments do not end up going, ""We're trading human jobs down."" We are preferring humans that can use AI.",How AI will transform traditional sales roles,"reidhoffman, innovation, ai, Tech, tech",1819,39,1,1,41,opusclip
7410457843893013766,https://www.tiktok.com/@reidhoffman/video/7410457843893013766,"[Visual: Speaker introduces the topic of AI's impact on food, including how AI can modify recipes based on dietary needs.] [Visual: A woman with long brown hair and a pink blazer speaks into a microphone.] : how AI and technology are gonna affect the future of food. [Visual: An artistic representation of a burger sits atop a black stand against a light blue background.] : Do you have thoughts? [Visual: A woman with long brown hair and a pink blazer speaks into a microphone.] : You could feed in a recipe and you could say, ""I'd like this to be healthier,"" ""I'd like this to be gluten-free,"" or, ""My friend's vegan, what should I do?"" Yeah. : Like, all of that is there now. [Visual: Speaker discusses AI's application in food production, using a farm scenario to illustrate the challenges and potential solutions.] : Like, say for example I'm making food. : I might be saying, like, okay, I'm a farmer or I'm a rancher. : I'm like, okay, h- how do I navigate this thing- Mm-hmm. [Visual: A man with glasses and a light blue shirt speaks into a microphone.] : with the chickens, the pigs, you know? [Visual: A woman with long brown hair and a pink blazer speaks into a microphone.] : Actually, I was talking to a, a friend of mine who was visiting a farm and he's like, ""The ravens were getting into the hen coop and killing the chickens trying to get the eggs."" And I was like, ""Okay, well, what would you do about that and how would you navigate that?"" So, that personal intelligence, that copilot- Yeah.",How will AI transform the food industry?,,1360,31,1,5,38,opusclip
7410095210446818565,https://www.tiktok.com/@reidhoffman/video/7410095210446818565,"[Visual: A man with glasses introduces the topic of AI concerns, highlighting the fear of AI's dangers while emphasizing the importance of navigating risks to realize AI's potential, and comparing the discourse around AI to the printing press era's concerns about spreading misinformation.] [Visual: A man with glasses sits in front of a microphone and asks 'AI stuff?'] : Most people are like, ""Oh my God, I- why are we building this AI stuff? : It's dangerous."" Like risk discourse, risk discourse. : Like look, we have amazing things in front of us and that's why it's worth navigating the risk. [Visual: A fence with barbed wire is shown with a gem floating above it and the text 'the risk' on the screen.] : And the slowness by which persuading journalists, academics, other people to say, ""Hey look, your discourse around AI is like the discourse when the printing press was launched."" People would say, ""It spreads misinformation."" You're like, ""Okay. [Visual: The man with glasses draws a parallel between AI and the printing press, asserting that AI is a good thing and pointing out AI's potential benefits, such as a medical assistant on every smartphone.] : By the way, the printing press was a good thing."" I have a line of sight to a medical assistant, probably better than your average general practitioner on every smartphone.",Who does AI benefit the most?,,1203,31,1,0,47,opusclip
7401850428876459270,https://www.tiktok.com/@reidhoffman/video/7401850428876459270,"[Visual: Speaker introduces the topic of startup financing myths, highlighting that it's not all about money and emphasizing the importance of investors bringing more than just money, and introduces the second myth about the order of pitch deck slides.] [Visual: A man in glasses and a jacket gestures in front of a background with the words 'START-UP FINANCING MYTH UNVEILED' and a person working on a laptop in the background.] : Today, I'm busting 7 myths about startup financing. [Visual: The words '7 MYTHS' and 'START-UP FINANCING' appear over a scene of a person sitting cross-legged working on a laptop.] : Myth one: it's all about the money. : Nope. : It's about partnering with investors who bring more to the table, like a strong network and market intelligence. [Visual: Three people are working on laptops in front of a whiteboard covered in business-related drawings and graphs.] : Myth 2: if your team is strong, show your team slide first. [Visual: White screen with the text 'TEAM SLIDE FIRST'.] [Visual: Speaker explains the importance of starting with the investment thesis, then introduces the third myth about pitch structure, clarifying that pitches are either data-driven or concept-driven and need to be tailored accordingly.] : I would not do this. [Visual: A man in a grey jacket speaks to the camera with two people in the background.] : In fact, you need to start with your investment thesis. : Grab investors' attention with what they need to believe first. [Visual: A person looks at a screen showing two figures in boxes connected by a curved arrow.] : Myth 3: all pitches follow the same structure. [Visual: A man wearing glasses and a jacket is speaking directly to the camera.] : Not true. [Visual: A close-up of a man with glasses speaking directly to the camera, with text overlay: ""NOT TRUE, YOUR PITCH IS"".] : Your pitch is either data-driven or concept-driven. [Visual: A woman in a yellow suit stands in front of a screen with complex diagrams and glowing lines, with text overlay: ""OR CONCEPT DRIVEN.""] : Know which one you're pitching.",Startup financing myths unveiled,"reidhoffman, StartUp, entrepreneur, business, innovation, startup",1150,24,0,0,52,opusclip
7401881358357777670,https://www.tiktok.com/@reidhoffman/video/7401881358357777670,"[Visual: Speaker discusses how as an organization scales and becomes more complex, it's crucial to invest in understanding and managing responsibilities and potential impacts.] [Visual: A young man in a yellow shirt and sunglasses stands in front of a backdrop with 'RISK FACTOR' text.] : And one of the things we realized was, if what you did is you plotted, said, ""Look, as I know as I get my organization larger, as I know that I get to more multi-threaded, I can actually start investing in what my responsibilities are."" Because I can start thinking, ""Okay, now we're bigger, we're doing more things, and we're still really running to compete, but we should have somebody, some part of the group thinking about our responsibilities, what [Visual: A person sits at a desk in front of a wall covered in notes and papers.] : our impacts could be.""",How to approach decision making at PayPal,"reidhoffman, paypal, StartUp, entrepreneur, business, startup",1021,18,0,0,54,opusclip
7409737801752743174,https://www.tiktok.com/@reidhoffman/video/7409737801752743174,"[Visual: Speaker states that there are declining industries.] [Visual: A man with glasses is featured in the top half of the screen, with the text 'HOW CAN YOU SPOT A DECLINING INDUSTRY?' displayed above him against a blue sky background.] [Visual: Speaker reflects on past career choices, mentioning the desire to be a product manager after leaving Apple for Fujitsu.] : There are industries that are on the decline. [Visual: Speaker suggests that joining Netscape might have been a better choice due to the online revolution.] : If I were to go back and think about, like, what things maybe I would've done that would be smarter decisions, it would be I was oriented when I left Apple to go to Fujitsu on, ""I must be a product manager. [Visual: Speaker emphasizes the importance of choosing industries and networks that align with one's interests and goals.] : I must have product manager as my experience."" Actually, in fact, maybe the decision would've been to go to Netscape because it's an online revolution, and being part of the online revolution is what matters more than the Fujitsu. : So choose kind of where the networks and industries that fit you and fit the kind of things you would want to do.",How can you spot a declining industry?,,897,32,2,0,34,opusclip
7401912306738711813,https://www.tiktok.com/@reidhoffman/video/7401912306738711813,"[Visual: A man in a suit introduces the topic by discussing the lack of public sharing of medical data and the difficulties in sharing medical information.] [Visual: A man in a suit stands against a blue background with the words 'BALANCING RISKS FOR MEDICAL BREAKTHROUGHS' at the top.] : Which risks should we be taking to make acceleration in medicine? [Visual: A blurry scene with text overlay saying, 'BE TAKING TO MAKE'.] : The lack of public sharing of medical data. : The sharing of that information has become incredibly difficult. [Visual: A blank, bright scene with text overlay saying 'INFORMATION HAS BECOME'.] [Visual: The video explains how AI can mine medical information, even unstructured medical notes, and predict risks for chronic kidney disease and eyesight loss.] [Visual: A man speaks in front of a white background with a white board on the right] : AI will soon allow us to mine, uh, medical information extremely well, even unstructured medical information, medical notes. [Visual: Animated medical information on a clipboard next to an AI book floating in the clouds.] : We may be able to figure out who's at the great risk for chronic kidney disease in the future or- or- you know, losing their eyesight in the future. [Visual: The speaker emphasizes the need to access unstructured medical notes to potentially prevent eyesight loss and visually represents chronic kidney disease.] : In order to do that, we have to g- be able to access these unstructured medical notes, which is an incredible corpus of kno- knowledge. [Visual: The video concludes by highlighting the importance of sharing information for medical advancements.] [Visual: A microscope is displayed with a stethoscope and notebook next to it.] : Obviously, we realize that the only way to do that- this is information and the sharing of information. : So I think that's absolutely crucial.",What risks are worth taking for medical breakthroughs?,"reidhoffman, siddharthamukherjee, health, innovation",878,21,1,0,38,opusclip
7400799092026199301,https://www.tiktok.com/@reidhoffman/video/7400799092026199301,"[Visual: Speaker states that artificial intelligence and generative AI are the most important tech developments, building upon the internet, mobile, and cloud.] [Visual: A man with glasses speaks about AI with cartoon graphics of computer chips with a brain and the letters 'AI' overlayed.] : Artificial intelligence and generative AI is the most important tech, uh, development for the world in my lifetime, and maybe it will be for my entire lifetime. : It- because it builds upon the internet, it builds upon mobile, it builds upon cloud, and it's the crescendo of all of these things.",Is AI one of the most important tech developments?,"reidhoffman, innovation, ai, Tech, tech",817,14,0,0,36,opusclip
7401510270188719366,https://www.tiktok.com/@reidhoffman/video/7401510270188719366,"[Visual: The video begins with an introduction to how AI models can create accessible services, such as a medical assistant app for smartphones.] [Visual: A man is shown against a blue sky background with text that reads, ""HOW AI IS MAKING SERVICES MORE ACCESSIBLE.""] [Visual: SpeakerA explains the medical assistant could be available to everyone, regardless of access to a doctor.] : With these AI models, we know how to create a medical assistant that could work on every smartphone. [Visual: SpeakerB responds positively to the idea.] [Visual: Two men are seated in chairs with tables between them, featuring bouquets of flowers and small bottles.] [Visual: SpeakerA mentions AI could also be used for tutoring and other applications.] : It would be available to everybody, whether or not you have access to a doctor or not. [Visual: A man explains AI could help people who can't afford a lawyer with tasks like reviewing contracts.] : That could be amazing. [Visual: A contract on a clipboard is shown.] : Tutor as well and a bunch of other things. [Visual: A man says that having something that could help with contract reviews is a good thing.] [Visual: A man speaks with his hand raised, with the caption 'And that could be'.] [Visual: A man says the primary goal should be to get these AI models into as many people's hands as possible to benefit humanity.] : Or say, for example, you're- can't afford a lawyer and you're looking at something that's like a contract. [Visual: A contract on a clipboard is shown with a pen and the text 'a contract'.] : Well, actually having something that could help you with that is a good thing. [Visual: A man gestures with his hand, with the caption 'help you with that'.] : And so I'm generally thinking we should want these models trained, and our primary question is not, ""Should the model be trained or not?"" It's like, let's make sure we get them in as broad, as many people's hands as possible to help humanity overall.",How AI is making services more accessible,"reidhoffman, innovation, ai, Tech, tech",779,17,1,0,31,opusclip
7401541223682542854,https://www.tiktok.com/@reidhoffman/video/7401541223682542854,"[Visual: A man in a blazer is featured on a YouTube thumbnail titled 'How LinkedIn and Facebook Play Into Human Nature', setting the stage for the discussion.] [Visual: A man in glasses and a blazer is featured on a YouTube thumbnail with the title 'How LinkedIn and Facebook Play Into Human Nature'.] : What is the important truth that you believe that you're in the minority of? [Visual: A man is sitting in a chair at the Commonwealth Club and speaking.] : People say, ""Well, what's LinkedIn?"" You say, ""Greed."" You know, ""What's Facebook?"" Vanity. : As an investor, I invest in one or more of the 7 deadly sins. [Visual: The speaker explains his investment strategy is based on understanding human nature, specifically mentioning greed and vanity in relation to LinkedIn and Facebook.] : The thing that I tend to focus on is to have an explicit theory of human nature that underlies the mission and the, what you're trying to change in the world. [Visual: A man is sitting in a chair at the Commonwealth Club and speaking.] : And really what that was, was a theory of human nature, a theory of what needs you're meeting, what meant when it got to scale.",How LinkedIn and Facebook play into human nature,"reidhoffman, linkedin, StartUp, entrepreneur, business, startup",773,10,1,0,31,opusclip
7408959780292660486,https://www.tiktok.com/@reidhoffman/video/7408959780292660486,"[Visual: Speaker discusses how Bill Gates wasn't initially focused on Microsoft Office when creating MS-DOS.] [Visual: A man with glasses speaks into a microphone.] [Visual: Speaker states that entrepreneurship involves blending dualities to be successful.] : When Bill Gates, uh, was creating MS-DOS, he was not thinking Microsoft Office. [Visual: Speaker explains that successful entrepreneurs must balance long-term focus with immediate problem-solving, and adapt to changes.] [Visual: A shot of old computers, including one displaying MS-DOS.] : So one of the things I love about entrepreneurship, to do it well, you're always blending dualities. [Visual: The man from the first scene speaks into the microphone again.] : You're long-term focused, but you're solving the immediate short term. : You're having a vision that you're struggling to get to in the future, but you're being flexible and you're adapting and you're learning, and you're changing what you're doing.",Prepare your long-term vision WHILE addressing the market’s short-term needs #microsoft #billgates #entrepreneur,"microsoft, billgates, entrepreneur",747,26,1,2,30,opusclip
7400397053731343621,https://www.tiktok.com/@reidhoffman/video/7400397053731343621,"[Visual: Speaker discusses how mothers' lack of facial expression impacts children and relates it to AI, emphasizing the importance of not misidentifying humanity.] : Their primary caregiver did not embody the physicality of emotion, and I wanna make sure we're not doing that with AI, right, that we're not misidentifying humanity, that we're not losing touch with what truth is. [Visual: Speaker emphasizes the need to ensure AI doesn't distort our ability to identify nature and truth, highlighting the importance of understanding alterations.] [Visual: A framed photo shows a group of people with text 'MISIDENTIFYING HUMANITY'.] : I wanna make sure that when we're looking at something that's altered, that we understand that it's altered so that it doesn't mess with our ability to identify nature.",Is AI's realism gaslighting us?,"reidhoffman, kerrywashington, innovation, ai, Tech, tech",731,16,1,1,47,opusclip
7400428000631639301,https://www.tiktok.com/@reidhoffman/video/7400428000631639301,"[Visual: A news anchor introduces the topic, mentioning Mira Murati's appointment as interim CEO and her immediate dissatisfaction with the board's actions.] [Visual: A man with glasses and a suit jacket speaks in front of a black background with white grids and logos.] : They appointed Mira Murati as the interim CEO, and within the same day that they appointed her, she's like, ""What? [Visual: A person in a suit sits with their back to the camera in front of a red and green background.] : You guys aren't doing this the right way. [Visual: Silhouettes of people in suits sit at a table in front of a yellow background.] : I'm not, I'm not your interim CEO."" You lost confidence from the person you appointed as interim CEO in hours. [Visual: The video highlights mechanical mistakes made by the board of directors, emphasizing their significance in organizational governance.] : And so that kind of- all of that highlights a whole bunch of mechanical mistakes and other kinds of things that the board of directors did. [Visual: Silhouettes of people in suits sit at a table in front of a yellow background.] : Board of directors matter. [Visual: The video discusses governance within innovative organizations, focusing on how boards should manage risk and promote innovation.] : And how you compose them, do they understand that kind of governance from, look, there are things that when organizations are innovating, taking risks, how do you both play a good governance role? [Visual: A group of business people in suits are gathered around a table covered in diagrams, discussing innovative ideas, with a lightbulb graphic overlaid.] : How do you enable the organization to take risks in the right way? [Visual: A man with glasses speaks about the overall navigation of innovation and risk within the organization.] [Visual: A man in a suit crouches on a chessboard with chess pieces, next to a silhouette of a man in a suit, set against a yellow background.] [Visual: A man with glasses is speaking to the camera with a blurred background.] : How do you help with that overall navigation?",The importance of your board of directors,"reidhoffman, innovation, ai, chatgpt, Tech, tech",728,14,0,0,39,opusclip
7409352210707975430,https://www.tiktok.com/@reidhoffman/video/7409352210707975430,"[Visual: The speaker shares that when he conceived LinkedIn, he sought feedback, and the main concern was the lack of value in a network until it reached a critical mass of users.] : For example, when I literally had the idea for LinkedIn, I was going around to my friends going, ""Okay, why won't this work?"" And the common pattern I was hearing is because in a network there's no value until you have a million people, so no one's going to invite for the first million people. [Visual: The speaker emphasizes that from the beginning, the primary goal was to create a minimum viable product to attract a million users.] : And the fact that I knew that that was the thing to test, that was the thing that I was essentially working on from day one to get to the minimum viable product in order to do that.",Is your startup growing fast enough? #startup #fyp #reidhoffman,"StartUp, fyp, reidhoffman, startup",708,28,2,3,28,opusclip
7400737197877955845,https://www.tiktok.com/@reidhoffman/video/7400737197877955845,"[Visual: Speaker discusses the possibility of a mutually beneficial offering of training data for a nominal fee.] [Visual: A man in a black suit speaks in front of a background with the words 'HOW WIKIPEDIA MONETIZES KNOWLEDGE'.] [Visual: Speaker explains that Wikipedia has a good model for this, allowing public access while offering data and features for a fee.] : Is there a mutually beneficial offering of training data for a nominal fee? [Visual: Speaker believes that multiple people-training models would be willing to engage in such arrangements with organizations like The New York Times.] [Visual: A woman with red lipstick speaks into a microphone, with the words 'BENEFICIAL OFFERING' on the screen.] : I think Wikipedia has a good model on this 'cause even though they're public, you can all read it, which they allow, but they can also get to an economic arrangement where they can help you with the data and everything else, and they, you know, add in some very light features to it that help you with that, and you pay them for it. : And I think multiple people-training models would be willing to do that with The New York Times and others.",How Wikipedia monetizes knowledge,"reidhoffman, wikipedia, entrepreneur, business, innovation",699,12,0,0,45,opusclip
7400366095993015557,https://www.tiktok.com/@reidhoffman/video/7400366095993015557,"[Visual: A man in a suit emphasizes the need to actively shape technology for a better future, followed by a young man in a hoodie discussing the amplification of humanity and purpose through technology, and a yellow cursor highlighting the shaping process with the steam engine as an example of safer manufacturing.] [Visual: A man in a suit speaks in front of a graphic background with the text 'WE HAVE TO SHAPE TECHNOLOGY'.] : It's not inevitable. : We have to work towards making a better future. : But it isn't just build the technology and all works out. [Visual: A young man in a hoodie works on an Apple laptop with the text 'WE HAVE TO WORK' displayed.] : It's like we have to shape it. : We have to shape it in the directions of, you know, amplifying our humanity, amplifying our purpose. [Visual: A yellow cursor clicks on a yellow box with the text 'WE HAVE TO SHAPE IT'.] : Think about the steam engine leading to a manufacturing floor that is a lot safer, you know, has human beings kind of as opposed to having to do all the grunt, like, you know, reproduce the screw in this. [Visual: The video continues with the man in a suit explaining how technology allows humans to manage processes, using the steam engine as an analogy for safer and more efficient manufacturing.] : You know, they can then be part of managing the process in terms of how they're operated.",Shaping technology for a better future,"reidhoffman, innovation, ai, philosophy, Tech, tech",699,7,0,0,41,opusclip
7408603095678061829,https://www.tiktok.com/@reidhoffman/video/7408603095678061829,"[Visual: Speaker shares the initial mispitch of Airbnb as couch surfing, highlighting its low value and high risk.] : The first person who talked to me about Airbnb mispitched it. : The person who pitched it to me said, ""It's couch surfing."" And I went, ""Couch surfing?"" Uh-huh. [Visual: A man wearing glasses and a black shirt is speaking, and the subtitle reads, 'well, not particularly'.] : Particularly valuable. : I mean, even if you succeeded and got the whole thing, it's low ACV, very risky, strange. [Visual: Speaker describes Airbnb as a marketplace of space, ranging from couches to castles, illustrating its awesome potential.] : You're thinking, like, ""I'm not interested in couch surfing."" A minute into the discussion with Brian, it was, like, ""Oh, this is awesome."" Because it's, like, look, it's a marketplace of space, and that space ranges anything from a couch, sure, fine, to a castle, right? [Visual: Speaker acknowledges the early challenges of Airbnb, including opposition and potential issues, recognizing the need to address them.] : And it's the whole range of it, and you're like, ""Ah, that's very interesting."" Challenges in the early days were obvious.",Airbnb's original pitch,,598,31,1,2,43,opusclip
7406007693263080710,https://www.tiktok.com/@reidhoffman/video/7406007693263080710,"[Visual: A man with glasses introduces the topic by discussing general founder advice to ask what's wrong with your product and sets the stage for a story about LinkedIn proving a smart VC wrong.] [Visual: A man with glasses is shown in front of a title that reads ""HOW LINKEDIN PROVED A SMART VC WRONG.""] : General founder advice is ask what's wrong with your product. [Visual: A man with glasses is shown on the screen with the words ""GENERAL FOUNDER ADVICE.""] : One of the conversations that I found very entertaining in the very early days of LinkedIn, I was talking to Bill Gurley, obviously a very smart guy, about it, and he was like, ""Oh, I would never use something like LinkedIn. [Visual: The man with glasses narrates how Bill Gurley initially dismissed LinkedIn as something for college students, only to later reveal that he opens LinkedIn every morning, highlighting Gurley's change of heart.] : That's for college students."" I was like, ""Okay."" 2 years later, I was sitting at a conference at a, uh, dinner table, and Bill Gurley was asked what are the sites that he opens every morning with, and it was, if anyone remembers, Hitwise was one of them, and LinkedIn was the other. [Visual: A man with glasses is shown on the screen with the words ""what are the sites that he opens every morning with?""] [Visual: The man with glasses explains that the key to LinkedIn's success was its attractive value proposition and continuous curve, noting that Bill Gurley only joined when a critical mass of entrepreneurs were present.] : And the key thing is to make it so that it's attractive and it spreads in both cases in the value propositions. [Visual: A man with glasses is shown on the screen with the words ""and it spreads"".] : And it's, again, usually on a continuous curve. : Bill would have never joined until a bunch of entrepreneurs that he would potentially want to talk to were there.",How LinkedIn proved a smart VC wrong,,577,17,2,3,42,opusclip
7408236730328812805,https://www.tiktok.com/@reidhoffman/video/7408236730328812805,"[Visual: Speaker describes Mark Zuckerberg's strength in compounding network loops, while a split screen shows Mark Zuckerberg, with text reading 'spectacular at', and mentions the importance of key elements for a vibrant network.] : Mark Zuckerberg is spectacular at compounding network loops and not so much of design. : And so there's a different set of characteristics. [Visual: A split screen shows Mark Zuckerberg above the man from the previous scenes below, with text that reads 'spectacular at'.] : Now what's similar across all of them is this notion of what are the really small number of things that you have to get, like, as maximally right as possible in order to have the network be vibrant",What sets product founders apart? #founders #business #reidhoffman,,515,18,3,1,37,opusclip
7407866345443822854,https://www.tiktok.com/@reidhoffman/video/7407866345443822854,"[Visual: Speaker introduces AI deepfakes and his personal AI avatar, highlighting their translation capabilities and ability to connect with a wider audience.] [Visual: A man speaks in front of a cloud background with text about AI deepfakes.] : I've been recently experimenting with my personal AI avatar, and now every presentation I can give pretty much could be instantly translated into many languages through AI-powered dubbing and connect me to so many more people authentically. [Visual: A man speaks with his hands clasped.] [Visual: Speaker shows the avatar in action, and defines humans as tool users (Homo techni), with the woman questioning the authenticity of the AI and its impact on human connection.] : Let me show you the avatar in action. [Visual: A man speaks with his hands clasped.] : A more accurate name for us is Homo techni, humans as tool makers and tool users. [Visual: A man speaks while gesturing with his hands.] : The story of humanity is the story of technology. [Visual: A woman speaks with her hands clasped.] : How much of this is you? : Like, what is happening right now?",How real are AI deepfakes? Kerry Washington reacts to my avatar #kerrywashington #fyp #ai,,386,13,1,0,35,opusclip
7407500961008176389,https://www.tiktok.com/@reidhoffman/video/7407500961008176389,"[Visual: Speaker introduces the topic ""THE COGNITIVE POTENTIAL OF AI"", and asks about exciting AI capabilities, followed by a woman discussing AI's potential in scientific fields, such as fusion power, new mathematics, and intersections between scientific fields.] [Visual: A man wearing glasses and a black shirt speaks in front of a blue and yellow background with the title ""THE COGNITIVE POTENTIAL OF AI"".] : Is there something that you're like, ""Man, if AI could do XYZ today or by the end of the year,"" that you would be similarly excited for? [Visual: A woman with long brown hair and wearing large hoop earrings speaks into a microphone.] : Could it help us with the invention and creation of fusion power, or could it discover new branches of mathematics or make some intersections between different scientific fields? [Visual: Speaker discusses how AI synthesizes vast amounts of information, exceeding the capacity of a single person or even multiple people's knowledge.] : Because there's so much density of information, it goes well outside any one genius' head, but to multiple people's heads and then pulling that together. [Visual: Speaker discusses hyperbolic views on AI's IQ and cognitive capabilities, and emphasizes the importance of AI creating new science and the need for ethical AI data governance.] [Visual: A man wearing glasses and a gray zip-up sweater speaks in front of a blurred background.] : Frequently, both the proponents and the critics can be a little hyperbolic and histrionic in either direction because they just go, ""It's increasing IQ."" You know, and it's like, ""Well, no, it's, it's increasing set of cognitive capabilities, some of which already today are superhuman and amazing and we will continue those."" But, like, what's said of it really depends on will it be creating new science or not, new physics or not, or other.",The cognitive potential of AI,,370,12,2,0,52,opusclip
7404916309705772293,https://www.tiktok.com/@reidhoffman/video/7404916309705772293,"[Visual: Speaker begins by discussing how Facebook's expansion beyond college campuses faced criticism, but Mark Zuckerberg was proven right.] [Visual: A man with glasses speaks in front of a blue background, with text that reads 'EXPERTISE CAN BE A CRUTCH' above him.] [Visual: Speaker mentions that Zuckerberg's decision to launch News Feed also faced significant opposition.] : Facebook obviously started as a college campus network, and when it opened geographies, like half of the punditry of Silicon Valley was, ""It's jumped the shark, it's over."" And it was one of the things that Zuck got right, and against a lot of public criticism. [Visual: Speaker notes that the negative reaction to the News Feed even led to demonstrations outside Facebook's office.] [Visual: The man continues to speak, gesturing with his hand.] [Visual: Speaker observes that such strong opposition is uncommon.] : Another one was when he turned on News Feed. : There were literally some demonstrations outside the office. : You don't often get that.",Expertise can be a crutch #entrepreneur #startup #business,,311,12,1,0,31,opusclip
7401170162449255686,https://www.tiktok.com/@reidhoffman/video/7401170162449255686,"[Visual: Speaker explains the initial conversations with Sam Altman and Elon Musk, emphasizing the goal of ensuring beneficial AI for humanity.] [Visual: A man is speaking in front of an OpenAI logo with the text ""WHY LINKEDIN'S CO-FOUNDER BACKED OPENAI"".] : What compelled you to help start OpenAI and then keep following on that? [Visual: A man in a suit is smiling, with text overlay reading ""and then keep"".] : For OpenAI, it started with participating in some conversations with Sam Altman and Elon Musk, and it was like, ""Look, we're gonna have this AI revolution that's coming. [Visual: Elon Musk is in conversation, and the text ""AI revolution"" is on screen.] : We should make sure that beneficial AI isn't just a province of super large tech companies but has a for humanity bent."" At the beginning of OpenAI was, ""This scale AI thing is likely to bear some interesting fruit. [Visual: Speaker details the experimental nature of OpenAI, highlighting the focus on creating software and its impact on the world.] : We don't know. : Maybe. : Let's try, and let's make sure that its governance is oriented towards humanity considerations first."" And I decided I'd have more impact on the world by helping create software. [Visual: A close-up shows a man speaking and gesturing with his hand.]",Why LinkedIn’s co-founder backed OpenAI,"reidhoffman, linkedin, StartUp, entrepreneur, business, startup",303,7,1,0,43,opusclip
7401108277951565062,https://www.tiktok.com/@reidhoffman/video/7401108277951565062,"[Visual: Speaker explains the initial success of the Airbnb pitch by highlighting its eBay-like concept for space and the massive potential of the travel industry.] [Visual: A man wearing glasses and a brown shirt is speaking in front of an Airbnb ad.] [Visual: Speaker discusses how the pitch explained the product's value, margins, defensible position, and growth potential.] : The reasons why the Airbnb pitch was really good from the beginning is like, ""Well, we're eBay for space, and we're starting with travel, and travel itself is huge."" This is what the dynamics work in terms of opening up liquidity between host and traveler. [Visual: Speaker emphasizes how quickly the core concept of the pitch became understandable.] [Visual: An image of a map with a phone.] [Visual: Speaker notes that the claim of having no competition is typically not believable.] : ""Oh, well, charging people like this, this is why the product will be good, this is why we'll have good margins, this is why we'll have a defensible position, this is why we'll be a big size, and this is why we'll be growing."" And you're like, ""Okay, I get it."" That was one of the pitches, literally 2 minutes in, and you're like, ""Okay, I understand."" To claim 0 competition is usually not credible.",Airbnb’s pitch winning strategy,"reidhoffman, StartUp, entrepreneur, business, innovation, startup",290,7,0,2,36,opusclip
7404558131356798214,https://www.tiktok.com/@reidhoffman/video/7404558131356798214,"[Visual: Speaker explains that LinkedIn's initial product launch was basic with limited features, and the lack of value for early users was part of the blitzscaling technique; SpeakerA: ""Part of the techniques for blitzscaling LinkedIn, one was launch a product that embarrasses you on your first release.""; SpeakerB: ""The LinkedIn product launch was a very basic profile, a very basic search mechanism, and an ability to communicate through the people you were connected with, and that's it.""; SpeakerB: ""And part of the problem for this kind of network property is there was no value for the first person, the second person, third person.""] [Visual: A man in a gray shirt and black blazer stands in front of a title that reads 'HOW DID LINKEDIN BECOME VALUABLE?'] : Part of the techniques for blitzscaling LinkedIn, one was launch a product that embarrasses you on your first release. [Visual: A man in a black blazer speaks with his hands in front of a blue background.] : The LinkedIn product launch was a very basic profile, a very basic search mechanism, and an ability to communicate through the people you were connected with, and that's it. : And part of the problem for this kind of network property is there was no value for the first person, the second person, third person. [Visual: Speaker discusses how value increased with user growth, emphasizing the strategy of early release and iterative product development: ""Value really only started happening once you had the 500,000th or the 1000000th person, and so how do you get there in terms of doing it?"" and ""What I told the team was, 'What we really need to do is get the product out there, see what the reactions are, and use that to inform our theory about what's next most important.' And for a year, we were building a whole bunch of other things, you know.""] : Value really only started happening once you had the 500,000th or the 1000000th person, and so how do you get there in terms of doing it? [Visual: A man in a black blazer speaks with his hands in front of a blue background.] : What I told the team was, ""What we really need to do is get the product out there, see what the reactions are, and use that to inform our theory about what's next most important."" And for a year, we were building a whole bunch of other things, you know. [Visual: A team meeting shows the development progress; and by the time they reached a million users, the network started becoming valuable: ""And by that time, we'd gotten to, you know, like a million people in the network, and it started being valuable.""] [Visual: The top half of the screen shows a group of people looking at a laptop screen, and the bottom half shows a man speaking in front of a blue background.] : And by that time, we'd gotten to, you know, like a million people in the network, and it started being valuable.",How did LinkedIn become valuable?,,282,13,1,1,44,opusclip
7400768135957187846,https://www.tiktok.com/@reidhoffman/video/7400768135957187846,"[Visual: Speaker introduces AI's potential to transform lives, emphasizing the concept of a personal intelligence that assists with various daily tasks and conversations.] : AI is going to transform industries, companies, but also the ability for individuals to have really quality lives. : Everyone's going to have a personal intelligence. : Everyone's going to have a, kind of an assistant that kind of covers everything from, ""Hey, I've got these 7 things in my fridge. [Visual: Several attractive people are posed in front of a digitally altered background with stars.] : What can I make for dinner?"" To, ""My blender's broken. [Visual: A man holding a cell phone looks into an open refrigerator.] : Is there anything I can do to fix it?"" To, you know, ""I had this odd conversation with my brother or sister and I kind of want to unpack it."" To, you know, ""Here's what I'm thinking about doing when I'm at work,"" or engagement I'm doing, and who's my personal intelligence who helps me navigate with it? [Visual: Speaker highlights that the AI assistant is personal, not controlled by a company.] : Not the company's, but mine. [Visual: Speaker clarifies that AI is designed to assist humans, not to replace them.] : It is not meant to replace human beings and human beings' lives.",How AI can solve most of our problems,"reidhoffman, innovation, ai, Tech, tech",274,4,1,0,40,opusclip
7400056929172671750,https://www.tiktok.com/@reidhoffman/video/7400056929172671750,"[Visual: Speaker speaks to the camera, stating that current innovations are beneficial for the world.] [Visual: A man with glasses and earbuds speaks directly to the camera, with the text 'AND THE ELEMENTS OF' overlaid on the image.] [Visual: Speaker discusses the 'innovator's dilemma', noting that people often prefer direct answers over multiple search results.] : I think that's good for the world and all the rest. [Visual: Speaker comments on the tech company's reaction, mentioning their feeling of having no competition for over a decade.] : I do think they have a bit of a innovator's dilemma problem 'cause, you know, people would kind of rather have an answer than 10 blue links in a lot of cases and you, you see some of the thrashing about trying to figure that out, which is part of the thing and, you know, it's good for them. [Visual: Speaker concludes that having competition is positive for the market.] : I mean, they, they basically spent, you know, a decade plus feeling like they didn't have any competition and, you know, now having a game on i- is good for the marketplace.",Is Google hopelessly behind with the rise of AI?,"reidhoffman, innovation, ai, google, Tech, tech",263,7,0,0,37,opusclip
7404125459765562630,https://www.tiktok.com/@reidhoffman/video/7404125459765562630,"[Visual: A man in a suit emphasizes the significance of being the first to scale, highlighting Uber's strategy to launch in multiple cities simultaneously.] [Visual: A man in a suit is speaking in front of a background that reads 'THE IMPORTANCE OF BEING FIRST'.] : first to scale really matters. [Visual: A man in a black suit is sitting on a chair and talking in front of a background that reads 'COMMONWEALTH CLUB', with the words 'First to SCALE' superimposed on the image.] : Uber is a classic example, like, oh gosh, we gotta launch tons and tons of cities simultaneously 'cause it's mostly within a city. [Visual: A man speaking on a chair in a blue background.] : With Slack, it's how do we go to enterprise grade? : And how do we start being an enterprise product even though we have this kind of viral adoption with what's going on? [Visual: The speaker discusses the need to scale for business viability, mentioning PayPal's competition and its requirement of a minimum GMV for success, and how to become an enterprise product.] : Sometimes it's- we need to get to scale in order for the business to work. [Visual: A man speaking on a chair with a background showing a road and buildings.] : Like even if we hadn't had kind of competition, which we did, with PayPal. [Visual: A man speaking on a chair in a blue background.] : PayPal payment services generally speaking don't work unless they're a minimum of like a billion dollars GMV.",The importance of being first #entrepreneurship #reidhoffman #foryou,,255,10,0,0,33,opusclip
7403802196740934917,https://www.tiktok.com/@reidhoffman/video/7403802196740934917,"[Visual: The video introduces Zuckerberg's hiring heuristic: hire people you'd work for, including the question of whether you would learn from them and going into battle together.] [Visual: A man with glasses is in the foreground, with the words 'HIRE PEOPLE YOU'D WORK FOR' in the background.] : In the interview I did with Zuckerberg, he gave a good heuristic, which is, hire people you'd work for. [Visual: A split screen shows a man in glasses talking at the top, and Mark Zuckerberg talking at the bottom.] : And it's a good question to ask yourself: Is this person someone I would learn from? [Visual: A blurred background shows two people sitting and talking during an event.] : Someone that, as we're going into battle, we would be learning from each other? [Visual: The video stresses disciplined hiring practices and the importance of teamwork to maintain a high bar in a difficult situation.] : And those kinds of things that are encapsulated in that metric of what I hire somebody I would work for, is a good way of trying to be very disciplined about keeping the bar high in who you're joining, because, you know, you're going into this really important thing that's g- very difficult, and you need to have the team with you. [Visual: The video highlights the significant time commitment with colleagues and the need to be willing to ""go into battle"" with them, concluding with final thoughts on hiring.] [Visual: Several people sit around a table with a laptop.] : And these are people you're gonna be spending hours and hours and hours with. [Visual: A man and a woman sit and talk during an event.] : You'd want to be going into battle with them.",Good advice from Mark Zuckerberg: Hire people you'd work for,,207,12,0,1,33,opusclip
7403414794763635974,https://www.tiktok.com/@reidhoffman/video/7403414794763635974,"[Visual: A man in front of a blue background introduces the topic with the title ""WHAT AI REVEALS ABOUT HUMANITY"", then the man with glasses discusses the negative perception of animal intelligence, highlighting their complex behaviors like pair bonding and coordination.] [Visual: The image shows a man in front of a blue background with text overlay, with the title ""WHAT AI REVEALS ABOUT HUMANITY"" in bold text.] : We're very anthropocentric. [Visual: A man wearing glasses is sitting on a wooden chair discussing anthropocentric views in front of a wooden background.] : We generally are very negative on, like, how other animals think. : And, like, they think a lot more than we think they do. [Visual: The image shows a close-up shot of a dog.] : I mean, they pair bond, they mate for life, they coordinate in packs and groups. [Visual: The video introduces machine thinking, shows a robotic arm, and discusses how AI thinks differently from humans, emphasizing that machines are capable of thinking, though not necessarily in the same way as humans.] : Well, now we also have another pattern of thinking. [Visual: The image shows a graphic of a brain against a dark background with the text 'Well, now we also have'.] : How do these machines think? [Visual: A robotic arm is seen in action, with the question 'How do these machines think?' overlayed on the scene.] : 'Cause, by the way, they are thinking today too. : They're not thinking the way we are. [Visual: The image shows a large AI text graphic against a dark background with the text 'they are thinking'.] : They may not be thinking at our level of capability in some- Mm-hmm. : regards.",How humans think differently from other animals—and from AI,,180,7,1,0,28,opusclip
7402723300880682246,https://www.tiktok.com/@reidhoffman/video/7402723300880682246,"[Visual: Speaker discusses hardware product launches and how the team hesitated to launch LinkedIn due to a lack of features, with the woman in pink blazer saying ""Okay. Right?"" and mentioning the desired inclusion of Contact Finder.] [Visual: A man with glasses speaks into a microphone, discussing a hardware product.] : If you were launching a hardware product and you're embarrassed, you're probably dead. : And when we launched LinkedIn, basically my whole team didn't want to launch. [Visual: The scene shows the LinkedIn logo on a geometric background with an animated hand touching it.] [Visual: A woman in a pink blazer laughs while speaking into a microphone.] : Okay. : Right? : They were like, ""There's not enough features yet. [Visual: Animated LinkedIn logo on a cube with a grid and floating text 'There's not a feature check'.] : There's not enough to do."" There was a feature that they had really wanted to include called Contact Finder, which is an ability to say to your network, ""I'm looking for a person who can help me edit a podcast,"" or something.","If you're not embarrassed by your product at launch, you've probably launched too late",,164,9,1,1,47,opusclip
7402342299784482053,https://www.tiktok.com/@reidhoffman/video/7402342299784482053,"[Visual: Speaker speaks into a microphone, acknowledging a long-standing familiarity with Facebook and Mark.] [Visual: A man with short brown hair is speaking into a microphone in a studio setting.] [Visual: Speaker affirms his knowledge of Mark.] : You've known Facebook and Mark for a long time. [Visual: Speaker believes Mark Zuckerberg is underrated in the tech industry.] : Yes. [Visual: Speaker highlights Mark's astonishing insights into the H-100 market.] : I think he's probably one of the most underrated or underappreciated people in tech. [Visual: Speaker mentions that Mark faced public criticism.] : When you look at his cornering of the H-100 market, it's just like astonishing insights- Yeah. [Visual: Speaker emphasizes Mark's skills as a meta-strategist.] : and he got killed for it in public markets. [Visual: Speaker reiterates that Mark is seriously underappreciated.] : He's a really great meta-strategist, and, and I think is seriously underappreciated.",Mark Zuckerberg is underappreciated,,133,8,0,0,46,opusclip
